last_name,first_name,team,position,draft_year,debut_date,birthdate,age_exact,age
Alberto,Hanser,BAL,3B,2009,5/29/2015,1992-10-17,27.03835616438356,27
Armstrong,Shawn,BAL,P,2011,8/08/2015,1990-09-11,29.136986301369863,29
Bleier,Richard,BAL,P,2008,5/30/2016,1987-04-16,32.54246575342466,32
Brooks,Aaron,BAL,P,2011,5/03/2014,1990-04-27,29.512328767123286,29
Bundy,Dylan,BAL,P,2011,9/23/2012,1992-11-15,26.961284527284977,26
Castro,Miguel,BAL,P,2012,4/06/2015,1994-12-24,24.852054794520548,24
Davis,Chris,BAL,1B,2006,6/26/2008,1986-03-17,33.62465753424657,33
Fry,Paul,BAL,P,2013,6/29/2018,1992-07-26,27.265753424657536,27
Givens,Mychal,BAL,P,2009,6/24/2015,1990-05-13,29.46849315068493,29
Harvey,Hunter,BAL,P,2013,8/17/2019,1994-12-09,24.893150684931506,24
Hays,Austin,BAL,RF,2016,9/07/2017,1995-07-05,24.323287671232876,24
Hess,David,BAL,P,2014,5/12/2018,1993-07-10,26.30958904109589,26
Kline,Branden,BAL,P,Undrafted,4/20/2019,1991-09-29,28.087671232876712,28
Mancini,Trey,BAL,RF,2013,9/20/2016,1992-03-18,27.621917808219177,27
Martin,Richie,BAL,SS,Undrafted,3/28/2019,1994-12-22,24.85753424657534,24
Means,John,BAL,P,Undrafted,9/26/2018,1993-04-24,26.52054794520548,26
Núñez,Renato,BAL,1B,2010,9/12/2016,1994-04-04,25.575342465753426,25
Phillips,Evan,BAL,P,2015,7/03/2018,1994-09-11,25.136986301369863,25
Ruiz,Rio,BAL,3B,2012,9/18/2016,1994-05-22,25.443835616438356,25
Santander,Anthony,BAL,LF,2011,8/18/2017,1994-10-19,25.03287671232877,25
Scott,Tanner,BAL,P,2014,9/20/2017,1994-07-22,25.276712328767122,25
Severino,Pedro,BAL,C,2010,9/20/2015,1993-07-20,26.28219178082192,26
Sisco,Chance,BAL,C,2013,9/02/2017,1995-02-24,24.682191780821917,24
Smith,Jr,BAL,LF,2011,5/18/2017,1992-10-26,27.013698630136986,27
Stewart,DJ,BAL,RF,Undrafted,9/12/2018,1993-11-30,25.91780821917808,25
Barnes,Matt,BOS,P,2011,9/09/2014,1990-06-17,29.372602739726027,29
Benintendi,Andrew,BOS,LF,2015,8/02/2016,1994-07-06,25.32054794520548,25
Betts,Mookie,BOS,RF,2011,6/29/2014,1992-10-07,27.065753424657533,27
Bogaerts,Xander,BOS,SS,2009,8/20/2013,1992-10-01,27.08219178082192,27
Bradley,Jr,BOS,CF,2011,4/01/2013,1990-04-19,29.534246575342465,29
Brasier,Ryan,BOS,P,2007,5/02/2013,1987-08-26,32.18082191780822,32
Brewer,Colten,BOS,P,2011,4/12/2018,1992-10-29,27.005479452054793,27
Cashner,Andrew,BOS,P,2008,5/31/2010,1986-09-11,33.136986301369866,33
Centeno,Juan,BOS,C,2007,9/18/2013,1989-11-16,29.956164383561642,29
Chacín,Jhoulys,BOS,P,2004,7/25/2009,1988-01-07,31.813698630136987,31
Devers,Rafael,BOS,3B,2013,7/25/2017,1996-10-24,23.019178082191782,23
Eovaldi,Nathan,BOS,P,2008,8/06/2011,1990-02-13,29.71232876712329,29
Hembree,Heath,BOS,P,2010,9/03/2013,1989-01-13,30.797260273972604,30
Hernandez,Darwinzon,BOS,P,Undrafted,4/23/2019,1996-12-17,22.873852833295906,22
Hernández,Marco,BOS,2B,2009,4/17/2016,1992-09-06,27.15068493150685,27
Holt,Brock,BOS,2B,2009,9/01/2012,1988-06-11,31.389041095890413,31
Johnson,Brian,BOS,P,2012,7/21/2015,1990-12-07,28.898630136986302,28
Kelley,Trevor,BOS,P,Undrafted,7/02/2019,1993-10-20,26.03013698630137,26
Lakins,Travis,BOS,P,Undrafted,4/23/2019,1994-06-29,25.339726027397262,25
León,Sandy,BOS,C,2007,5/14/2012,1989-03-13,30.635616438356166,30
Martinez,J,BOS,DH,2009,7/30/2011,1987-08-21,32.1945205479452,32
Moreland,Mitch,BOS,1B,2007,7/29/2010,1985-09-06,34.15068493150685,34
Porcello,Rick,BOS,P,2007,4/09/2009,1988-12-27,30.84653042892432,30
Poyner,Bobby,BOS,P,2015,3/31/2018,1992-12-01,26.91756868029044,26
Price,David,BOS,P,2007,9/14/2008,1985-08-26,34.18082191780822,34
Allen,Greg,CLE,CF,2014,9/01/2017,1993-03-15,26.63013698630137,26
Bauers,Jake,CLE,LF,2013,6/07/2018,1995-10-06,24.068493150684933,24
Bieber,Shane,CLE,P,2016,5/31/2018,1995-05-31,24.41917808219178,24
Carrasco,Carlos,CLE,P,2003,9/01/2009,1987-03-21,32.61369863013699,32
Chang,Yu,CLE,SS,Undrafted,6/29/2019,1995-08-18,24.202739726027396,24
Cimber,Adam,CLE,P,2013,3/29/2018,1990-08-15,29.21095890410959,29
Civale,Aaron,CLE,P,Undrafted,6/22/2019,1995-06-12,24.386301369863013,24
Clevinger,Mike,CLE,P,2011,5/18/2016,1990-12-21,28.86027397260274,28
Clippard,Tyler,CLE,P,2003,5/20/2007,1985-02-14,34.70958904109589,34
Flaherty,Ryan,CLE,3B,2008,4/07/2012,1986-07-27,33.26301369863014,33
Freeman,Mike,CLE,SS,2010,7/17/2016,1987-08-04,32.24109589041096,32
Goody,Nick,CLE,P,2012,7/30/2015,1991-07-06,28.32054794520548,28
Haase,Eric,CLE,C,2011,9/02/2018,1992-12-18,26.871120592858748,26
Hand,Brad,CLE,P,2008,6/07/2011,1990-03-20,29.616438356164384,29
Hoyt,James,CLE,P,2012,8/03/2016,1986-09-30,33.084931506849315,33
Karinchak,James,CLE,P,Undrafted,9/14/2019,1995-09-22,24.106849315068494,24
Kipnis,Jason,CLE,2B,2009,7/22/2011,1987-04-03,32.57808219178082,32
Lindor,Francisco,CLE,SS,2011,6/14/2015,1993-11-14,25.96164383561644,25
Luplow,Jordan,CLE,RF,2014,7/28/2017,1993-09-26,26.095890410958905,26
Maton,Phil,CLE,P,2015,6/11/2017,1993-03-25,26.602739726027398,26
Mercado,Oscar,CLE,CF,2013,5/14/2019,1994-12-16,24.873972602739727,24
Otero,Dan,CLE,P,2007,4/07/2012,1985-02-19,34.6958904109589,34
Pérez,Oliver,CLE,P,1999,6/16/2002,1981-08-15,38.21095890410959,38
Pérez,Roberto,CLE,C,2008,7/10/2014,1988-12-23,30.857459390672954,30
Plawecki,Kevin,CLE,C,2012,4/21/2015,1991-02-26,28.676712328767124,28
Alcántara,Sergio,DET,SS,Undrafted,-,1996-07-10,23.30958904109589,23
Alexander,Tyler,DET,P,Undrafted,7/03/2019,1994-07-14,25.2986301369863,25
Beckham,Gordon,DET,SS,2008,6/04/2009,1986-09-16,33.12328767123287,33
Boyd,Matthew,DET,P,2013,6/27/2015,1991-02-02,28.742465753424657,28
Cabrera,Miguel,DET,DH,1999,6/20/2003,1983-04-18,36.536986301369865,36
Candelario,Jeimer,DET,3B,2010,7/03/2016,1993-11-24,25.934246575342467,25
Castro,Harold,DET,CF,Undrafted,9/23/2018,1993-11-30,25.91780821917808,25
Castro,Willi,DET,SS,2013,8/24/2019,1997-04-24,22.52054794520548,22
Cisnero,José,DET,P,2007,4/22/2013,1989-04-11,30.556164383561644,30
Demeritte,Travis,DET,RF,Undrafted,8/02/2019,1994-09-30,25.084931506849315,25
Dixon,Brandon,DET,1B,2013,5/22/2018,1992-01-29,27.753424657534246,27
Farmer,Buck,DET,P,2013,8/13/2014,1991-02-20,28.693150684931506,28
Garcia,Bryan,DET,P,Undrafted,9/02/2019,1995-04-19,24.534246575342465,24
Goodrum,Niko,DET,2B,2010,9/02/2017,1992-02-28,27.671232876712327,27
Greiner,Grayson,DET,C,2014,5/06/2018,1992-10-11,27.054794520547944,27
Hall,Matt,DET,P,Undrafted,9/15/2018,1993-07-23,26.273972602739725,26
Jackson,Edwin,DET,P,2001,9/09/2003,1983-09-09,36.14246575342466,36
Jiménez,Joe,DET,P,2013,4/13/2017,1995-01-17,24.786301369863015,24
Lugo,Dawel,DET,3B,2011,8/30/2018,1994-12-31,24.832876712328765,24
McKay,David,DET,P,Undrafted,5/20/2019,1995-03-31,24.586301369863016,24
Mercer,Jordy,DET,SS,2008,5/29/2012,1986-08-27,33.178082191780824,33
Norris,Daniel,DET,P,2011,9/05/2014,1993-04-25,26.517808219178082,26
Perez,Franklin,DET,P,Undrafted,-,1997-12-06,21.9013698630137,21
Reyes,Victor,DET,LF,2011,4/01/2018,1994-10-05,25.07123287671233,25
Rodríguez,Ronny,DET,2B,2010,5/31/2018,1992-04-17,27.53972602739726,27
Anderson,Chase,MIL,P,2009,5/11/2014,1987-11-30,31.91780821917808,31
Arcia,Orlando,MIL,SS,2010,8/02/2016,1994-08-04,25.24109589041096,25
Austin,Tyler,MIL,LF,2010,8/13/2016,1991-09-06,28.15068493150685,28
Braun,Ryan,MIL,LF,2005,5/25/2007,1983-11-17,35.95342465753425,35
Cain,Lorenzo,MIL,CF,2004,7/16/2010,1986-04-13,33.55068493150685,33
Claudio,Alex,MIL,P,2010,8/13/2014,1992-01-31,27.747945205479454,27
Gamel,Ben,MIL,LF,2010,5/06/2016,1992-05-17,27.457534246575342,27
Grandal,Yasmani,MIL,C,2010,6/02/2012,1988-11-08,30.980410210345084,30
Grisham,Trent,MIL,RF,Undrafted,8/01/2019,1996-11-01,22.999535893405195,22
Guerra,Junior,MIL,P,2001,6/12/2015,1985-01-16,34.78904109589041,34
Hader,Josh,MIL,P,2012,6/10/2017,1994-04-07,25.567123287671233,25
Hiura,Keston,MIL,2B,2017,5/14/2019,1996-08-02,23.246575342465754,23
Jackson,Jay,MIL,P,2008,9/14/2015,1987-10-27,32.010958904109586,32
Lyles,Jordan,MIL,P,2008,5/31/2011,1990-10-19,29.03287671232877,29
Moustakas,Mike,MIL,3B,2007,6/10/2011,1988-09-11,31.136986301369863,31
Peralta,Freddy,MIL,P,2013,5/13/2018,1996-06-04,23.40821917808219,23
Piña,Manny,MIL,C,2004,8/03/2011,1987-06-05,32.40547945205479,32
Pomeranz,Drew,MIL,P,2010,9/11/2011,1988-11-22,30.942158844224867,30
Shaw,Travis,MIL,3B,2011,5/08/2015,1990-04-16,29.542465753424658,29
Spangenberg,Cory,MIL,3B,2011,9/01/2014,1991-03-16,28.627397260273973,28
Suter,Brent,MIL,P,2012,8/19/2016,1989-08-29,30.172602739726027,30
Taylor,Tyrone,MIL,CF,2012,9/07/2019,1994-01-22,25.77260273972603,25
Thames,Eric,MIL,1B,2008,5/18/2011,1986-11-10,32.97260273972603,32
Woodruff,Brandon,MIL,P,2014,6/13/2017,1993-02-10,26.720547945205478,26
Britton,Zack,NYY,P,2006,4/03/2011,1987-12-22,31.85753424657534,31
Cessa,Luis,NYY,P,2008,4/08/2016,1992-04-25,27.517808219178082,27
Chapman,Aroldis,NYY,P,2010,8/31/2010,1988-02-28,31.671232876712327,31
Encarnación,Edwin,NYY,1B,2000,6/24/2005,1983-01-07,36.81369863013698,36
Gardner,Brett,NYY,CF,2005,6/30/2008,1983-08-24,36.18630136986302,36
Green,Chad,NYY,P,2013,5/16/2016,1991-05-24,28.438356164383563,28
Gregorius,Didi,NYY,SS,2007,9/05/2012,1990-02-18,29.698630136986303,29
Happ,J,NYY,P,2004,6/30/2007,1982-10-19,37.032876712328765,37
Heller,Ben,NYY,P,2013,8/26/2016,1991-08-05,28.23835616438356,28
Hicks,Aaron,NYY,CF,2008,4/01/2013,1989-10-02,30.07945205479452,30
Judge,Aaron,NYY,RF,2013,8/13/2016,1992-04-26,27.515068493150686,27
Kahnle,Tommy,NYY,P,2010,4/03/2014,1989-08-07,30.232876712328768,30
LeMahieu,DJ,NYY,3B,2009,5/30/2011,1988-07-13,31.301369863013697,31
Loaisiga,Jonathan,NYY,P,2012,6/15/2018,1994-11-02,24.994520547945207,24
Lyons,Tyler,NYY,P,2010,5/22/2013,1988-02-21,31.69041095890411,31
Maybin,Cameron,NYY,LF,2005,8/17/2007,1987-04-04,32.57534246575342,32
Ottavino,Adam,NYY,P,2006,5/29/2010,1985-11-22,33.93972602739726,33
Paxton,James,NYY,P,2010,9/07/2013,1988-11-06,30.985874691219404,30
Romine,Austin,NYY,C,2007,9/11/2011,1988-11-22,30.942158844224867,30
Sánchez,Gary,NYY,C,2009,10/03/2015,1992-12-02,26.914836439853282,26
Severino,Luis,NYY,P,2012,8/05/2015,1994-02-20,25.693150684931506,25
Stanton,Giancarlo,NYY,LF,2007,6/08/2010,1989-11-08,29.97808219178082,29
Tanaka,Masahiro,NYY,P,2014,4/04/2014,1988-11-01,30.999535893405195,30
Torres,Gleyber,NYY,2B,2013,4/22/2018,1996-12-13,22.88478179504454,22
Urshela,Gio,NYY,3B,2008,6/09/2015,1991-10-11,28.054794520547944,28
Adam,Jason,TOR,P,2010,5/05/2018,1991-08-04,28.24109589041096,28
Alford,Anthony,TOR,CF,2012,5/19/2017,1994-07-20,25.28219178082192,25
Bass,Anthony,TOR,P,2008,6/13/2011,1987-11-01,31.997260273972604,31
Bichette,Bo,TOR,SS,2016,7/29/2019,1998-03-05,21.65753424657534,21
Biggio,Cavan,TOR,2B,2016,5/24/2019,1995-04-11,24.556164383561644,24
Buchholz,Clay,TOR,P,2005,8/17/2007,1984-08-14,35.21369863013699,35
Davis,Jonathan,TOR,CF,Undrafted,9/05/2018,1992-05-12,27.471232876712328,27
Diaz,Yennsy,TOR,P,Undrafted,8/04/2019,1996-11-15,22.961284527284977,22
Drury,Brandon,TOR,RF,2010,9/01/2015,1992-08-21,27.194520547945206,27
Fisher,Derek,TOR,LF,2014,6/14/2017,1993-08-21,26.194520547945206,26
Font,Wilmer,TOR,P,2006,9/18/2012,1990-05-24,29.438356164383563,29
Gaviglio,Sam,TOR,P,2011,5/11/2017,1990-05-22,29.443835616438356,29
Giles,Ken,TOR,P,2011,6/12/2014,1990-09-20,29.112328767123287,29
Grichuk,Randal,TOR,RF,2009,4/28/2014,1991-08-13,28.216438356164385,28
Guerrero,Jr,TOR,3B,Undrafted,4/26/2019,1999-03-16,20.627397260273973,20
Hernández,Teoscar,TOR,CF,2011,8/12/2016,1992-10-15,27.043835616438358,27
Jansen,Danny,TOR,C,2013,8/13/2018,1995-04-15,24.545205479452054,24
Kay,Anthony,TOR,P,Undrafted,9/07/2019,1995-03-21,24.613698630136987,24
Law,Derek,TOR,P,2011,4/15/2016,1990-09-14,29.12876712328767,29
Luciano,Elvis,TOR,P,Undrafted,3/31/2019,2000-02-15,19.706849315068492,19
Maile,Luke,TOR,C,2012,9/01/2015,1991-02-06,28.731506849315068,28
McGuire,Reese,TOR,C,2013,9/06/2018,1995-03-02,24.665753424657535,24
McKinney,Billy,TOR,RF,2013,3/30/2018,1994-08-23,25.18904109589041,25
Pannone,Thomas,TOR,P,2013,8/10/2018,1994-04-28,25.50958904109589,25
Romano,Jordan,TOR,P,Undrafted,6/12/2019,1993-04-21,26.528767123287672,26
Anderson,Justin,LAA,P,2014,4/23/2018,1992-09-28,27.09041095890411,27
Bard,Luke,LAA,P,2012,3/31/2018,1990-11-13,28.964383561643835,28
Barria,Jaime,LAA,P,2013,4/11/2018,1996-07-18,23.28767123287671,23
Bedrosian,Cam,LAA,P,2010,6/03/2014,1991-10-02,28.07945205479452,28
Bemboom,Anthony,LAA,C,Undrafted,5/12/2019,1990-01-18,29.783561643835615,29
Buttrey,Ty,LAA,P,2012,8/16/2018,1993-03-31,26.586301369863016,26
Cahill,Trevor,LAA,P,2006,4/07/2009,1988-03-01,31.66849315068493,31
Calhoun,Kole,LAA,RF,2010,5/22/2012,1987-10-14,32.04657534246575,32
Cole,Taylor,LAA,P,2011,8/09/2017,1989-08-20,30.197260273972603,30
Fletcher,David,LAA,2B,2015,6/13/2018,1994-05-31,25.41917808219178,25
Goodwin,Brian,LAA,LF,2011,8/06/2016,1990-11-02,28.994520547945207,28
Heaney,Andrew,LAA,P,2012,6/19/2014,1991-06-05,28.405479452054795,28
Hermosillo,Michael,LAA,RF,2013,5/18/2018,1995-01-17,24.786301369863015,24
Jewell,Jake,LAA,P,2014,6/16/2018,1993-05-16,26.46027397260274,26
La,Stella,LAA,3B,2011,5/28/2014,1989-01-31,30.747945205479454,30
Madero,Luis,LAA,P,Undrafted,-,1997-04-15,22.545205479452054,22
Mejía,Adalberto,LAA,P,2011,8/20/2016,1993-06-20,26.364383561643837,26
Middleton,Keynan,LAA,P,2013,5/05/2017,1993-09-12,26.134246575342466,26
Ohtani,Shohei,LAA,DH,2017,3/29/2018,1994-07-05,25.323287671232876,25
Peters,Dillon,LAA,P,2014,9/01/2017,1992-08-31,27.167123287671235,27
Pujols,Albert,LAA,1B,1999,4/02/2001,1980-01-16,39.78904109589041,39
Ramirez,Noé,LAA,P,2011,7/03/2015,1989-12-22,29.85753424657534,29
Robles,Hansel,LAA,P,2008,4/24/2015,1990-08-13,29.216438356164385,29
Rodriguez,Jose,LAA,P,Undrafted,7/27/2019,1995-08-29,24.172602739726027,24
Sandoval,Patrick,LAA,P,Undrafted,8/05/2019,1996-10-18,23.035616438356165,23
Abreu,José,CWS,1B,2013,3/31/2014,1987-01-29,32.75342465753425,32
Anderson,Tim,CWS,SS,2013,6/10/2016,1993-06-23,26.356164383561644,26
Bummer,Aaron,CWS,P,2014,7/27/2017,1993-09-21,26.10958904109589,26
Castillo,Welington,CWS,C,2004,8/11/2010,1987-04-24,32.52054794520548,32
Cease,Dylan,CWS,P,Undrafted,7/03/2019,1995-12-28,23.84109589041096,23
Collins,Zack,CWS,C,2016,6/19/2019,1995-02-06,24.731506849315068,24
Colomé,Alex,CWS,P,2007,5/30/2013,1988-12-31,30.835601467175685,30
Cordero,Jimmy,CWS,P,2012,8/02/2018,1991-10-19,28.03287671232877,28
Detwiler,Ross,CWS,P,2007,9/07/2007,1986-03-06,33.654794520547945,33
Engel,Adam,CWS,CF,2013,5/27/2017,1991-12-09,27.893150684931506,27
Fry,Jace,CWS,P,2014,9/05/2017,1993-07-09,26.312328767123287,26
Fulmer,Carson,CWS,P,2015,7/17/2016,1993-12-13,25.882191780821916,25
García,Leury,CWS,RF,2007,4/06/2013,1991-03-18,28.621917808219177,28
Herrera,Kelvin,CWS,P,2006,9/21/2011,1989-12-31,29.832876712328765,29
Jiménez,Eloy,CWS,LF,Undrafted,3/28/2019,1996-11-27,22.928497642039076,22
López,Reynaldo,CWS,P,2012,7/19/2016,1994-01-04,25.82191780821918,25
Marshall,Evan,CWS,P,2011,5/06/2014,1990-04-18,29.536986301369865,29
McCann,James,CWS,C,2011,9/01/2014,1990-06-13,29.383561643835616,29
Mendick,Danny,CWS,SS,Undrafted,9/03/2019,1993-09-28,26.09041095890411,26
Moncada,Yoán,CWS,3B,2015,9/02/2016,1995-05-27,24.43013698630137,24
Nova,Iván,CWS,P,2004,5/13/2010,1987-01-12,32.8,32
Osich,Josh,CWS,P,2011,7/03/2015,1988-09-03,31.15890410958904,31
Palka,Daniel,CWS,RF,2013,4/25/2018,1991-10-28,28.008219178082193,28
Ruiz,José,CWS,P,2011,7/24/2017,1994-10-21,25.027397260273972,25
Sánchez,Yolmer,CWS,2B,2009,7/13/2014,1992-06-29,27.339726027397262,27
Arteaga,Humberto,KC,SS,Undrafted,6/20/2019,1994-01-23,25.76986301369863,25
Barlow,Scott,KC,P,2011,4/30/2018,1992-12-18,26.871120592858748,26
Barnes,Jacob,KC,P,2011,6/03/2016,1990-04-14,29.54794520547945,29
Blewett,Scott,KC,P,2014,-,1996-04-10,23.55890410958904,23
Bonifacio,Jorge,KC,RF,2009,4/21/2017,1993-06-04,26.40821917808219,26
Cuthbert,Cheslor,KC,3B,2009,7/07/2015,1992-11-16,26.95855228684782,26
Dini,Nick,KC,C,Undrafted,8/08/2019,1993-07-27,26.263013698630136,26
Dozier,Hunter,KC,RF,2013,9/12/2016,1991-08-22,28.19178082191781,28
Duffy,Danny,KC,P,2007,5/18/2011,1988-12-21,30.86292387154727,30
Fillmyer,Heath,KC,P,2014,6/24/2018,1994-05-16,25.46027397260274,25
Gallagher,Cam,KC,C,2011,8/06/2017,1992-12-06,26.90390747810465,26
Gordon,Alex,KC,LF,2005,4/02/2007,1984-02-10,35.72054794520548,35
Greene,Conner,KC,P,2013,-,1995-04-04,24.575342465753426,24
Hahn,Jesse,KC,P,2010,6/03/2014,1989-07-30,30.254794520547946,30
Hernandez,Arnaldo,KC,P,Undrafted,-,1996-02-09,23.723287671232878,23
Hill,Tim,KC,P,2014,3/29/2018,1990-02-10,29.720547945205478,29
Junis,Jakob,KC,P,2011,4/12/2017,1992-09-16,27.123287671232877,27
Keller,Brad,KC,P,2013,3/29/2018,1995-07-27,24.263013698630136,24
Kennedy,Ian,KC,P,2006,9/01/2007,1984-12-19,34.86838835242159,34
Lopez,Nicky,KC,SS,Undrafted,5/14/2019,1995-03-13,24.635616438356166,24
López,Jorge,KC,P,2011,9/29/2015,1993-02-10,26.720547945205478,26
Lovelady,Richard,KC,P,2016,4/09/2019,1995-07-07,24.317808219178083,24
McBroom,Ryan,KC,1B,Undrafted,9/03/2019,1992-04-09,27.561643835616437,27
McCarthy,Kevin,KC,P,2013,9/09/2016,1992-02-22,27.687671232876713,27
Mejia,Erick,KC,2B,Undrafted,9/05/2019,1994-11-09,24.975342465753425,24
Adrianza,Ehire,MIN,3B,2006,9/08/2013,1989-08-21,30.194520547945206,30
Arraez,Luis,MIN,2B,Undrafted,5/18/2019,1997-04-09,22.561643835616437,22
Berríos,José,MIN,P,2012,4/27/2016,1994-05-27,25.43013698630137,25
Castro,Jason,MIN,C,2008,6/22/2010,1987-06-18,32.36986301369863,32
Cave,Jake,MIN,LF,2011,5/19/2018,1992-12-04,26.909371958978966,26
Cron,C,MIN,1B,2011,5/03/2014,1990-01-05,29.81917808219178,29
Cruz,Nelson,MIN,DH,1998,9/17/2005,1980-07-01,39.33424657534247,39
Dobnak,Randy,MIN,P,Undrafted,8/09/2019,1995-01-17,24.786301369863015,24
Duffey,Tyler,MIN,P,2012,8/05/2015,1990-12-27,28.843835616438355,28
Garver,Mitch,MIN,C,2013,8/19/2017,1991-01-15,28.791780821917808,28
Gibson,Kyle,MIN,P,2009,6/29/2013,1987-10-23,32.02191780821918,32
Gonzalez,Marwin,MIN,RF,2005,4/06/2012,1989-03-14,30.632876712328766,30
Graterol,Brusdar,MIN,P,Undrafted,9/01/2019,1998-08-26,21.18082191780822,21
Kepler,Max,MIN,CF,2009,9/27/2015,1993-02-10,26.720547945205478,26
Littell,Zack,MIN,P,2013,6/05/2018,1995-10-05,24.07123287671233,24
May,Trevor,MIN,P,2008,8/09/2014,1989-09-23,30.104109589041094,30
Odorizzi,Jake,MIN,P,2008,9/23/2012,1990-03-27,29.5972602739726,29
Polanco,Jorge,MIN,SS,2009,6/26/2014,1993-07-05,26.323287671232876,26
Rogers,Taylor,MIN,P,2012,4/14/2016,1990-12-17,28.87123287671233,28
Romo,Sergio,MIN,P,2005,6/26/2008,1983-03-04,36.66027397260274,36
Rosario,Eddie,MIN,LF,2010,5/06/2015,1991-09-28,28.09041095890411,28
Sanó,Miguel,MIN,3B,2009,7/02/2015,1993-05-11,26.473972602739725,26
Schoop,Jonathan,MIN,2B,2008,9/25/2013,1991-10-16,28.041095890410958,28
Smeltzer,Devin,MIN,P,Undrafted,5/28/2019,1995-09-07,24.147945205479452,24
Stashak,Cody,MIN,P,Undrafted,7/23/2019,1994-06-04,25.40821917808219,25
Barreto,Franklin,OAK,2B,2012,6/24/2017,1996-02-27,23.673972602739727,23
Bassitt,Chris,OAK,P,2011,8/30/2014,1989-02-22,30.687671232876713,30
Brown,Seth,OAK,1B,Undrafted,8/26/2019,1992-07-13,27.301369863013697,27
Buchter,Ryan,OAK,P,2005,6/20/2014,1987-02-13,32.71232876712329,32
Canha,Mark,OAK,CF,2010,4/08/2015,1989-02-15,30.706849315068492,30
Chapman,Matt,OAK,3B,2014,6/15/2017,1993-04-28,26.50958904109589,26
Davis,Khris,OAK,DH,2009,4/01/2013,1987-12-21,31.86027397260274,31
Diekman,Jake,OAK,P,2007,5/15/2012,1987-01-21,32.775342465753425,32
Fiers,Mike,OAK,P,2009,9/14/2011,1985-06-15,34.37808219178082,34
Grossman,Robbie,OAK,LF,2008,4/24/2013,1989-09-16,30.123287671232877,30
Hendriks,Liam,OAK,P,2007,9/06/2011,1989-02-10,30.720547945205478,30
Laureano,Ramón,OAK,CF,2014,8/03/2018,1994-07-15,25.295890410958904,25
Luzardo,Jesús,OAK,P,Undrafted,9/11/2019,1997-09-30,22.084931506849315,22
Manaea,Sean,OAK,P,2013,4/29/2016,1992-02-01,27.745205479452054,27
Murphy,Sean,OAK,C,Undrafted,9/04/2019,1994-10-10,25.057534246575344,25
Neuse,Sheldon,OAK,3B,2016,8/30/2019,1994-12-10,24.89041095890411,24
Olson,Matt,OAK,1B,2012,9/12/2016,1994-03-29,25.59178082191781,25
Petit,Yusmeiro,OAK,P,2001,5/14/2006,1984-11-22,34.94215884422487,34
Phegley,Josh,OAK,C,2009,7/05/2013,1988-02-12,31.715068493150685,31
Pinder,Chad,OAK,RF,2013,8/20/2016,1992-03-29,27.59178082191781,27
Profar,Jurickson,OAK,2B,2009,9/02/2012,1993-02-20,26.693150684931506,26
Puk,A,OAK,P,Undrafted,8/21/2019,1995-04-25,24.517808219178082,24
Semien,Marcus,OAK,SS,2011,9/04/2013,1990-09-17,29.12054794520548,29
Soria,Joakim,OAK,P,2005,4/04/2007,1984-05-18,35.45479452054794,35
Wendelken,J,OAK,P,2012,5/08/2016,1993-03-24,26.605479452054794,26
Adams,Austin,SEA,P,2012,7/15/2017,1991-05-05,28.49041095890411,28
Altavilla,Dan,SEA,P,2014,8/27/2016,1992-09-08,27.145205479452056,27
Bishop,Braden,SEA,CF,Undrafted,3/21/2019,1993-08-22,26.19178082191781,26
Brennan,Brandon,SEA,P,2012,3/21/2019,1991-07-26,28.265753424657536,28
Crawford,J,SEA,SS,2013,9/05/2017,1995-01-11,24.802739726027397,24
Dunn,Justin,SEA,P,Undrafted,9/12/2019,1995-09-22,24.106849315068494,24
Fraley,Jake,SEA,CF,Undrafted,8/21/2019,1995-05-25,24.435616438356163,24
Gonzales,Marco,SEA,P,2013,6/25/2014,1992-02-16,27.704109589041096,27
Gordon,Dee,SEA,2B,2008,6/06/2011,1988-04-22,31.526027397260275,31
Grotz,Zac,SEA,P,Undrafted,8/02/2019,1993-02-17,26.7013698630137,26
Guilbeau,Taylor,SEA,P,Undrafted,8/17/2019,1993-05-12,26.471232876712328,26
Hernández,Félix,SEA,P,2002,8/04/2005,1986-04-08,33.56438356164384,33
Kikuchi,Yusei,SEA,P,Undrafted,3/21/2019,1991-06-17,28.372602739726027,28
LeBlanc,Wade,SEA,P,2006,9/03/2008,1984-08-07,35.23287671232877,35
Lewis,Kyle,SEA,RF,Undrafted,9/10/2019,1995-07-13,24.301369863013697,24
Long,Shed,SEA,2B,2013,5/11/2019,1995-08-22,24.19178082191781,24
Lopes,Tim,SEA,LF,Undrafted,7/24/2019,1994-06-24,25.353424657534248,25
Magill,Matt,SEA,P,2008,4/27/2013,1989-11-10,29.972602739726028,29
McClain,Reggie,SEA,P,Undrafted,8/02/2019,1992-11-16,26.95855228684782,26
Milone,Tommy,SEA,P,2008,9/03/2011,1987-02-16,32.704109589041096,32
Moore,Dylan,SEA,LF,Undrafted,3/20/2019,1992-08-02,27.246575342465754,27
Murphy,Tom,SEA,C,2012,9/12/2015,1991-04-03,28.578082191780823,28
Narváez,Omar,SEA,C,2008,7/17/2016,1992-02-10,27.720547945205478,27
Nola,Austin,SEA,1B,2012,6/16/2019,1989-12-28,29.84109589041096,29
Santana,Domingo,SEA,RF,2009,7/01/2014,1992-08-05,27.23835616438356,27
Allard,Kolby,TEX,P,2015,7/31/2018,1997-08-13,22.216438356164385,22
Andrus,Elvis,TEX,SS,2005,4/06/2009,1988-08-26,31.18082191780822,31
Burke,Brock,TEX,P,Undrafted,8/20/2019,1996-08-04,23.24109589041096,23
Calhoun,Willie,TEX,LF,2015,9/12/2017,1994-11-04,24.98904109589041,24
Choo,Shin,TEX,RF,2000,4/21/2005,1982-07-13,37.3013698630137,37
Clase,Emmanuel,TEX,P,Undrafted,8/04/2019,1998-03-18,21.621917808219177,21
DeShields,Delino,TEX,CF,2010,4/08/2015,1992-08-16,27.208219178082192,27
Farrell,Luke,TEX,P,2013,7/01/2017,1991-06-07,28.4,28
Federowicz,Tim,TEX,C,2008,9/11/2011,1987-08-05,32.23835616438356,32
Forsythe,Logan,TEX,3B,2008,5/04/2011,1987-01-14,32.794520547945204,32
Gibaut,Ian,TEX,P,Undrafted,7/12/2019,1993-11-19,25.947945205479453,25
Guerrieri,Taylor,TEX,P,2011,9/01/2018,1992-12-01,26.91756868029044,26
Guzmán,Ronald,TEX,1B,2011,4/13/2018,1994-10-20,25.03013698630137,25
Heineman,Scott,TEX,RF,Undrafted,8/02/2019,1992-12-04,26.909371958978966,26
Hernández,Jonathan,TEX,P,Undrafted,8/21/2019,1996-07-06,23.32054794520548,23
Jurado,Ariel,TEX,P,2012,5/19/2018,1996-01-30,23.75068493150685,23
Kelley,Shawn,TEX,P,2007,4/10/2009,1984-04-26,35.515068493150686,35
Kiner,Falefa,TEX,3B,2013,4/10/2018,1995-03-23,24.60821917808219,24
Leclerc,José,TEX,P,2010,7/06/2016,1993-12-19,25.865753424657534,25
Lynn,Lance,TEX,P,2008,6/02/2011,1987-05-12,32.47123287671233,32
Martin,Brett,TEX,P,2014,4/19/2019,1995-04-28,24.50958904109589,24
Mathis,Jeff,TEX,C,2001,8/12/2005,1983-03-31,36.586301369863016,36
Mazara,Nomar,TEX,RF,2011,4/10/2016,1995-04-26,24.515068493150686,24
Méndez,Yohander,TEX,P,2011,9/05/2016,1995-01-17,24.786301369863015,24
Minor,Mike,TEX,P,2009,8/09/2010,1987-12-26,31.846575342465755,31
Almora,Jr,CHC,CF,2012,6/07/2016,1994-04-16,25.542465753424658,25
Alzolay,Adbert,CHC,P,2012,6/20/2019,1995-03-01,24.66849315068493,24
Báez,Javier,CHC,SS,2011,8/05/2014,1992-12-01,26.91756868029044,26
Bote,David,CHC,3B,2012,4/21/2018,1993-04-07,26.567123287671233,26
Bryant,Kris,CHC,3B,2013,4/17/2015,1992-01-04,27.82191780821918,27
Caratini,Victor,CHC,C,2013,6/28/2017,1993-08-17,26.205479452054796,26
Castellanos,Nicholas,CHC,RF,2010,9/01/2013,1992-03-04,27.660273972602738,27
Chatwood,Tyler,CHC,P,2008,4/11/2011,1989-12-16,29.873972602739727,29
Cishek,Steve,CHC,P,2007,9/26/2010,1986-06-18,33.36986301369863,33
Contreras,Willson,CHC,C,2009,6/17/2016,1992-05-13,27.46849315068493,27
Darvish,Yu,CHC,P,2012,4/09/2012,1986-08-16,33.20821917808219,33
Descalso,Daniel,CHC,2B,2007,9/18/2010,1986-10-19,33.032876712328765,33
Garcia,Robel,CHC,2B,Undrafted,7/03/2019,1993-03-28,26.594520547945205,26
Hamels,Cole,CHC,P,2002,5/12/2006,1983-12-27,35.843835616438355,35
Happ,Ian,CHC,2B,2015,5/13/2017,1994-08-12,25.21917808219178,25
Hendricks,Kyle,CHC,P,2011,7/10/2014,1989-12-07,29.898630136986302,29
Heyward,Jason,CHC,CF,2007,4/05/2010,1989-08-09,30.22739726027397,30
Hoerner,Nico,CHC,SS,Undrafted,9/09/2019,1997-05-13,22.46849315068493,22
Holland,Derek,CHC,P,2006,4/22/2009,1986-10-09,33.06027397260274,33
Hultzen,Danny,CHC,P,Undrafted,9/08/2019,1989-11-28,29.923287671232877,29
Kemp,Tony,CHC,2B,2013,5/17/2016,1991-10-31,28,28
Kimbrel,Craig,CHC,P,2008,5/07/2010,1988-05-28,31.427397260273974,31
Kintzler,Brandon,CHC,P,2004,9/10/2010,1984-08-01,35.249315068493154,35
Lester,Jon,CHC,P,2002,6/10/2006,1984-01-07,35.81369863013698,35
Lucroy,Jonathan,CHC,C,2007,5/21/2010,1986-06-13,33.38356164383562,33
Adams,Matt,WSH,1B,2009,5/20/2012,1988-08-31,31.167123287671235,31
Cabrera,Asdrúbal,WSH,2B,2002,8/08/2007,1985-11-13,33.964383561643835,33
Corbin,Patrick,WSH,P,2009,4/30/2012,1989-07-19,30.284931506849315,30
Doolittle,Sean,WSH,P,2007,6/05/2012,1986-09-26,33.0958904109589,33
Dozier,Brian,WSH,2B,2009,5/07/2012,1987-05-15,32.463013698630135,32
Eaton,Adam,WSH,RF,2010,9/04/2012,1988-12-06,30.90390747810465,30
Gomes,Yan,WSH,C,2009,5/17/2012,1987-07-19,32.28493150684932,32
Guerra,Javy,WSH,P,2004,5/15/2011,1985-10-31,34,34
Hudson,Daniel,WSH,P,2008,9/04/2009,1987-03-09,32.64657534246575,32
Kendrick,Howie,WSH,1B,2002,4/26/2006,1983-07-12,36.3041095890411,36
Parra,Gerardo,WSH,1B,2004,5/13/2009,1987-05-06,32.487671232876714,32
Rainey,Tanner,WSH,P,2015,4/10/2018,1992-12-25,26.851994909798638,26
Rendon,Anthony,WSH,3B,2011,4/21/2013,1990-06-06,29.4027397260274,29
Robles,Victor,WSH,CF,2013,9/07/2017,1997-05-19,22.45205479452055,22
Rodney,Fernando,WSH,P,1997,5/04/2002,1977-03-18,42.62191780821918,42
Ross,Joe,WSH,P,2011,6/06/2015,1993-05-21,26.446575342465753,26
Sánchez,Aníbal,WSH,P,2001,6/25/2006,1984-02-27,35.673972602739724,35
Scherzer,Max,WSH,P,2006,4/29/2008,1984-07-27,35.26301369863014,35
Soto,Juan,WSH,LF,2015,5/20/2018,1998-10-25,21.016438356164382,21
Strasburg,Stephen,WSH,P,2009,6/08/2010,1988-07-20,31.28219178082192,31
Suero,Wander,WSH,P,2010,5/01/2018,1991-09-15,28.126027397260273,28
Suzuki,Kurt,WSH,C,2004,6/12/2007,1983-10-04,36.07397260273972,36
Taylor,Michael,WSH,CF,2009,8/12/2014,1991-03-26,28.6,28
Turner,Trea,WSH,SS,2014,8/21/2015,1993-06-30,26.336986301369862,26
Zimmerman,Ryan,WSH,1B,2005,9/01/2005,1984-09-28,35.09041095890411,35
Alonso,Pete,NYM,1B,2016,3/28/2019,1994-12-07,24.898630136986302,24
Avilán,Luis,NYM,P,2005,7/14/2012,1989-07-19,30.284931506849315,30
Bashlor,Tyler,NYM,P,2013,6/25/2018,1993-04-16,26.542465753424658,26
Brach,Brad,NYM,P,2008,8/31/2011,1986-04-12,33.553424657534244,33
Canó,Robinson,NYM,2B,2001,5/03/2005,1982-10-22,37.02465753424657,37
Conforto,Michael,NYM,RF,2014,7/24/2015,1993-03-01,26.66849315068493,26
Davis,J,NYM,LF,2014,8/05/2017,1993-04-27,26.512328767123286,26
Davis,Rajai,NYM,CF,2001,8/14/2006,1980-10-19,39.032876712328765,39
deGrom,Jacob,NYM,P,2010,5/15/2014,1988-06-19,31.367123287671234,31
Díaz,Edwin,NYM,P,2012,6/06/2016,1994-03-22,25.610958904109587,25
Familia,Jeurys,NYM,P,2007,9/04/2012,1989-10-10,30.057534246575344,30
Flexen,Chris,NYM,P,Undrafted,7/27/2017,1994-07-01,25.334246575342465,25
Frazier,Todd,NYM,3B,2007,5/23/2011,1986-02-12,33.71506849315068,33
Gagnon,Drew,NYM,P,2011,7/10/2018,1990-06-26,29.34794520547945,29
Gsellman,Robert,NYM,P,2011,8/23/2016,1993-07-18,26.28767123287671,26
Guillorme,Luis,NYM,3B,2013,5/13/2018,1994-09-27,25.09315068493151,25
Haggerty,Sam,NYM,1B,Undrafted,9/04/2019,1994-05-26,25.432876712328767,25
Hart,Donnie,NYM,P,2013,7/17/2016,1990-09-06,29.15068493150685,29
Kilome,Franklyn,NYM,P,Undrafted,-,1995-06-25,24.350684931506848,24
Lagares,Juan,NYM,CF,2006,4/23/2013,1989-03-17,30.624657534246577,30
Lockett,Walker,NYM,P,2012,6/01/2018,1994-05-03,25.495890410958904,25
Lowrie,Jed,NYM,3B,2005,4/15/2008,1984-04-17,35.53972602739726,35
Lugo,Seth,NYM,P,2011,7/01/2016,1989-11-17,29.953424657534246,29
Matz,Steven,NYM,P,2009,6/28/2015,1991-05-29,28.424657534246574,28
Mazza,Chris,NYM,P,Undrafted,6/29/2019,1989-10-17,30.03835616438356,30
Álvarez,José,PHI,P,2005,6/09/2013,1989-05-06,30.487671232876714,30
Bruce,Jay,PHI,LF,2005,5/27/2008,1987-04-03,32.57808219178082,32
Davis,Austin,PHI,P,2014,6/20/2018,1993-02-03,26.73972602739726,26
De,Los,PHI,P,2014,7/10/2018,1995-12-25,23.84931506849315,23
Eflin,Zach,PHI,P,2012,6/14/2016,1994-04-08,25.564383561643837,25
Franco,Maikel,PHI,3B,2010,9/02/2014,1992-08-26,27.18082191780822,27
Gamboa,Arquimedes,PHI,SS,Undrafted,-,1997-09-23,22.104109589041094,22
Garcia,Edgar,PHI,P,Undrafted,5/06/2019,1996-10-04,23.073972602739726,23
Gosselin,Phil,PHI,SS,2010,8/16/2013,1988-10-03,31.076712328767123,31
Grullon,Deivy,PHI,C,Undrafted,9/22/2019,1996-02-17,23.7013698630137,23
Hammer,JD,PHI,P,Undrafted,5/26/2019,1994-07-12,25.304109589041097,25
Harper,Bryce,PHI,RF,2010,4/28/2012,1992-10-16,27.041095890410958,27
Haseley,Adam,PHI,CF,Undrafted,6/04/2019,1996-04-12,23.553424657534247,23
Hernández,César,PHI,2B,2006,5/29/2013,1990-05-23,29.44109589041096,29
Hoskins,Rhys,PHI,1B,2014,8/10/2017,1993-03-17,26.624657534246577,26
Hughes,Jared,PHI,P,2006,9/07/2011,1985-07-04,34.326027397260276,34
Irvin,Cole,PHI,P,Undrafted,5/12/2019,1994-01-31,25.747945205479454,25
Kingery,Scott,PHI,3B,2015,3/30/2018,1994-04-29,25.506849315068493,25
Knapp,Andrew,PHI,C,2013,4/06/2017,1991-11-09,27.975342465753425,27
Medina,Adonis,PHI,P,Undrafted,-,1996-12-18,22.871120592858748,22
Miller,Brad,PHI,2B,2011,6/28/2013,1989-10-18,30.035616438356165,30
Morin,Mike,PHI,P,2012,4/30/2014,1991-05-03,28.495890410958904,28
Morrison,Logan,PHI,1B,2005,7/27/2010,1987-08-25,32.18356164383562,32
Neris,Héctor,PHI,P,2010,8/05/2014,1989-06-14,30.38082191780822,30
Nicasio,Juan,PHI,P,2006,5/28/2011,1986-08-31,33.16712328767123,33
Agrazal,Dario,PIT,P,Undrafted,6/15/2019,1994-12-28,24.84109589041096,24
Bell,Josh,PIT,1B,2011,7/08/2016,1992-08-14,27.213698630136985,27
Brault,Steven,PIT,P,2013,7/05/2016,1992-04-29,27.506849315068493,27
Brubaker,JT,PIT,P,Undrafted,-,1993-11-17,25.953424657534246,25
Cabrera,Melky,PIT,RF,2001,7/07/2005,1984-08-11,35.221917808219175,35
Díaz,Elias,PIT,C,2008,9/12/2015,1990-11-17,28.953424657534246,28
DuRapau,Montana,PIT,P,Undrafted,5/09/2019,1992-03-27,27.5972602739726,27
Escobar,Luis,PIT,P,2013,7/13/2019,1996-05-30,23.421917808219177,23
Feliz,Michael,PIT,P,2010,5/31/2015,1993-06-28,26.34246575342466,26
Frazier,Adam,PIT,2B,2013,6/24/2016,1991-12-14,27.87945205479452,27
González,Erik,PIT,SS,2008,7/16/2016,1991-08-31,28.167123287671235,28
Hartlieb,Geoff,PIT,P,Undrafted,5/18/2019,1993-12-09,25.893150684931506,25
Holmes,Clay,PIT,P,2011,4/06/2018,1993-03-27,26.5972602739726,26
Howard,Sam,PIT,P,2014,6/10/2018,1993-03-05,26.65753424657534,26
Jerez,Williams,PIT,P,2011,8/07/2018,1992-05-16,27.46027397260274,27
Kela,Keone,PIT,P,2012,4/07/2015,1993-04-16,26.542465753424658,26
Keller,Mitch,PIT,P,Undrafted,5/27/2019,1996-04-04,23.575342465753426,23
Kramer,Kevin,PIT,2B,Undrafted,9/05/2018,1993-10-03,26.076712328767123,26
Liriano,Francisco,PIT,P,2000,9/05/2005,1983-10-26,36.013698630136986,36
Markel,Parker,PIT,P,Undrafted,5/12/2019,1990-09-15,29.126027397260273,29
Marte,Starling,PIT,CF,2007,7/26/2012,1988-10-09,31.06027397260274,31
Marvel,James,PIT,P,Undrafted,9/08/2019,1993-09-17,26.12054794520548,26
McRae,Alex,PIT,P,2014,8/01/2018,1993-04-06,26.56986301369863,26
Moran,Colin,PIT,3B,2013,5/18/2016,1992-10-01,27.08219178082192,27
Musgrove,Joe,PIT,P,2011,8/02/2016,1992-12-04,26.909371958978966,26
Arozarena,Randy,STL,CF,Undrafted,8/14/2019,1995-02-28,24.671232876712327,24
Bader,Harrison,STL,CF,2015,7/25/2017,1994-06-03,25.410958904109588,25
Brebbia,John,STL,P,2011,5/28/2017,1990-05-30,29.421917808219177,29
Cabrera,Génesis,STL,P,Undrafted,5/29/2019,1996-10-10,23.057534246575344,23
Carpenter,Matt,STL,3B,2009,6/04/2011,1985-11-26,33.92876712328767,33
DeJong,Paul,STL,SS,2015,5/28/2017,1993-08-02,26.246575342465754,26
Edman,Tommy,STL,3B,Undrafted,6/08/2019,1995-05-09,24.47945205479452,24
Flaherty,Jack,STL,P,2014,9/01/2017,1995-10-15,24.043835616438358,24
Fowler,Dexter,STL,RF,2004,9/02/2008,1986-03-22,33.61095890410959,33
Gallegos,Giovanny,STL,P,2011,5/12/2017,1991-08-14,28.213698630136985,28
Goldschmidt,Paul,STL,1B,2009,8/01/2011,1987-09-10,32.13972602739726,32
Helsley,Ryan,STL,P,2015,4/16/2019,1994-07-18,25.28767123287671,25
Hudson,Dakota,STL,P,2016,7/28/2018,1994-09-15,25.126027397260273,25
Martínez,Carlos,STL,P,2010,5/03/2013,1991-09-21,28.10958904109589,28
Martínez,José,STL,RF,2006,9/06/2016,1988-07-25,31.268493150684932,31
Mikolas,Miles,STL,P,2009,5/05/2012,1988-08-23,31.18904109589041,31
Miller,Andrew,STL,P,2006,8/30/2006,1985-05-21,34.446575342465756,34
Molina,Yadier,STL,C,2000,6/03/2004,1982-07-13,37.3013698630137,37
Muñoz,Yairo,STL,3B,2012,3/29/2018,1995-01-23,24.76986301369863,24
Ozuna,Marcell,STL,LF,2008,4/30/2013,1990-11-12,28.96712328767123,28
Ponce,de,STL,P,2014,7/23/2018,1992-01-16,27.78904109589041,27
Wainwright,Adam,STL,P,2000,9/11/2005,1981-08-30,38.16986301369863,38
Webb,Tyler,STL,P,2013,6/24/2017,1990-07-20,29.28219178082192,29
Wieters,Matt,STL,C,2007,5/29/2009,1986-05-21,33.446575342465756,33
Wong,Kolten,STL,2B,2011,8/16/2013,1990-10-10,29.057534246575344,29
Acuña,Jr,ATL,CF,2014,4/25/2018,1997-12-18,21.86849315068493,21
Albies,Ozzie,ATL,2B,2013,8/01/2017,1997-01-07,22.813698630136987,22
Cervelli,Francisco,ATL,C,2003,9/18/2008,1986-03-06,33.654794520547945,33
Donaldson,Josh,ATL,3B,2007,4/30/2010,1985-12-08,33.895890410958906,33
Duvall,Adam,ATL,LF,2010,6/26/2014,1988-09-04,31.156164383561645,31
Flowers,Tyler,ATL,C,2005,9/03/2009,1986-01-24,33.76712328767123,33
Foltynewicz,Mike,ATL,P,2010,8/02/2014,1991-10-07,28.065753424657533,28
Freeman,Freddie,ATL,1B,2007,9/01/2010,1989-09-12,30.134246575342466,30
Fried,Max,ATL,P,2012,8/08/2017,1994-01-18,25.783561643835615,25
Greene,Shane,ATL,P,2009,4/24/2014,1988-11-17,30.95582004641066,30
Hamilton,Billy,ATL,CF,2009,9/03/2013,1990-09-09,29.14246575342466,29
Hechavarría,Adeiny,ATL,SS,2010,8/04/2012,1989-04-15,30.545205479452054,30
Jackson,Luke,ATL,P,2010,9/04/2015,1991-08-24,28.186301369863013,28
Joyce,Matt,ATL,RF,2005,5/05/2008,1984-08-03,35.24383561643835,35
Keuchel,Dallas,ATL,P,2009,6/17/2012,1988-01-01,31.83013698630137,31
Markakis,Nick,ATL,RF,2003,4/03/2006,1983-11-17,35.95342465753425,35
Melancon,Mark,ATL,P,2006,4/26/2009,1985-03-28,34.59452054794521,34
Newcomb,Sean,ATL,P,2014,6/10/2017,1993-06-12,26.386301369863013,26
O,Day,ATL,P,2006,3/31/2008,1982-10-22,37.02465753424657,37
Ortega,Rafael,ATL,LF,2008,9/30/2012,1991-05-15,28.463013698630135,28
Soroka,Mike,ATL,P,2015,5/01/2018,1997-08-04,22.24109589041096,22
Swanson,Dansby,ATL,SS,2015,8/17/2016,1994-02-11,25.71780821917808,25
Teheran,Julio,ATL,P,2007,5/07/2011,1991-01-27,28.75890410958904,28
Tomlin,Josh,ATL,P,2006,7/27/2010,1984-10-19,35.032876712328765,35
Alaniz,R,CIN,P,Undrafted,4/12/2019,1991-06-14,28.38082191780822,28
Aquino,Aristides,CIN,RF,Undrafted,8/19/2018,1994-04-22,25.526027397260275,25
Barnhart,Tucker,CIN,C,2009,4/03/2014,1991-01-07,28.813698630136987,28
Bauer,Trevor,CIN,P,2011,6/28/2012,1991-01-17,28.786301369863015,28
Blandino,Alex,CIN,SS,2014,4/10/2018,1992-11-06,26.985874691219404,26
Bowman,Matt,CIN,P,2012,4/06/2016,1991-05-31,28.41917808219178,28
Casali,Curt,CIN,C,2011,7/18/2014,1988-11-09,30.977677969907926,30
Castillo,Luis,CIN,P,2011,6/23/2017,1992-12-12,26.887514035481697,26
Colón,Christian,CIN,2B,2010,7/01/2014,1989-05-14,30.465753424657535,30
DeSclafani,Anthony,CIN,P,2011,5/14/2014,1990-04-18,29.536986301369865,29
Dietrich,Derek,CIN,2B,2010,5/08/2013,1989-07-18,30.28767123287671,30
Ervin,Phillip,CIN,RF,2013,4/22/2017,1992-07-15,27.295890410958904,27
Farmer,Kyle,CIN,C,2013,7/30/2017,1990-08-17,29.205479452054796,29
Galvis,Freddy,CIN,2B,2006,4/05/2012,1989-11-14,29.96164383561644,29
Garrett,Amir,CIN,P,2011,4/07/2017,1992-05-03,27.495890410958904,27
Gausman,Kevin,CIN,P,2012,5/23/2013,1991-01-06,28.816438356164383,28
Gray,Sonny,CIN,P,2011,7/10/2013,1989-11-07,29.980821917808218,29
Herget,Jimmy,CIN,P,Undrafted,7/07/2019,1993-09-09,26.14246575342466,26
Iglesias,José,CIN,SS,2009,5/08/2011,1990-01-05,29.81917808219178,29
Iglesias,Raisel,CIN,P,2014,4/12/2015,1990-01-04,29.82191780821918,29
Kuhnel,Joel,CIN,P,Undrafted,8/16/2019,1995-02-19,24.695890410958903,24
Lorenzen,Michael,CIN,P,2013,4/29/2015,1992-01-04,27.82191780821918,27
Mahle,Tyler,CIN,P,2013,8/27/2017,1994-09-29,25.087671232876712,25
Mella,Keury,CIN,P,2011,9/20/2017,1993-08-02,26.246575342465754,26
O,Grady,CIN,CF,Undrafted,8/08/2019,1992-05-17,27.457534246575342,27
Altuve,Jose,HOU,2B,2006,7/20/2011,1990-05-06,29.487671232876714,29
Alvarez,Yordan,HOU,LF,Undrafted,6/09/2019,1997-06-27,22.345205479452055,22
Brantley,Michael,HOU,LF,2005,9/01/2009,1987-05-15,32.463013698630135,32
Bregman,Alex,HOU,SS,2015,7/25/2016,1994-03-30,25.589041095890412,25
Chirinos,Robinson,HOU,C,2000,7/18/2011,1984-06-05,35.40547945205479,35
Cole,Gerrit,HOU,P,2011,6/11/2013,1990-09-08,29.145205479452056,29
Correa,Carlos,HOU,SS,2012,6/08/2015,1994-09-22,25.106849315068494,25
Devenski,Chris,HOU,P,2011,4/08/2016,1990-11-13,28.964383561643835,28
Díaz,Aledmys,HOU,2B,2014,4/05/2016,1990-08-01,29.24931506849315,29
Greinke,Zack,HOU,P,2002,5/22/2004,1983-10-21,36.02739726027397,36
Gurriel,Yuli,HOU,1B,2016,8/21/2016,1984-06-09,35.394520547945206,35
Harris,Will,HOU,P,2006,8/13/2012,1984-08-28,35.175342465753424,35
James,Josh,HOU,P,Undrafted,9/01/2018,1993-03-08,26.649315068493152,26
Maldonado,Martín,HOU,C,2004,9/03/2011,1986-08-16,33.20821917808219,33
Marisnick,Jake,HOU,CF,2009,7/23/2013,1991-03-30,28.589041095890412,28
Osuna,Roberto,HOU,P,2011,4/08/2015,1995-02-07,24.72876712328767,24
Peacock,Brad,HOU,P,2006,9/06/2011,1988-02-02,31.742465753424657,31
Pressly,Ryan,HOU,P,2007,4/04/2013,1988-12-15,30.879317314170223,30
Reddick,Josh,HOU,RF,2006,7/31/2009,1987-02-19,32.6958904109589,32
Rondón,Héctor,HOU,P,2004,4/03/2013,1988-02-26,31.676712328767124,31
Smith,Joe,HOU,P,2006,4/01/2007,1984-03-22,35.61095890410959,35
Springer,George,HOU,CF,2011,4/16/2014,1989-09-19,30.115068493150684,30
Tucker,Kyle,HOU,LF,2015,7/07/2018,1997-01-17,22.786301369863015,22
Urquidy,Jose,HOU,P,Undrafted,7/02/2019,1995-05-01,24.5013698630137,24
Verlander,Justin,HOU,P,2004,7/04/2005,1983-02-20,36.69315068493151,36
Báez,Pedro,LAD,P,2007,5/05/2014,1988-03-11,31.64109589041096,31
Beaty,Matt,LAD,LF,Undrafted,4/30/2019,1993-04-28,26.50958904109589,26
Bellinger,Cody,LAD,1B,2013,4/25/2017,1995-07-13,24.301369863013697,24
Buehler,Walker,LAD,P,2015,9/07/2017,1994-07-28,25.26027397260274,25
Hernández,Kiké,LAD,LF,2009,7/01/2014,1991-08-24,28.186301369863013,28
Hill,Rich,LAD,P,2002,6/15/2005,1980-03-11,39.64109589041096,39
Jansen,Kenley,LAD,P,2004,7/24/2010,1987-09-30,32.084931506849315,32
Kelly,Joe,LAD,P,2009,6/10/2012,1988-06-09,31.394520547945206,31
Kershaw,Clayton,LAD,P,2006,5/25/2008,1988-03-19,31.61917808219178,31
Kolarek,Adam,LAD,P,2010,6/29/2017,1989-01-14,30.794520547945204,30
Lux,Gavin,LAD,SS,2016,9/02/2019,1997-11-23,21.936986301369863,21
Maeda,Kenta,LAD,P,2016,4/06/2016,1988-04-11,31.556164383561644,31
Martin,Russell,LAD,C,2002,5/05/2006,1983-02-15,36.706849315068496,36
May,Dustin,LAD,P,Undrafted,8/02/2019,1997-09-06,22.15068493150685,22
Muncy,Max,LAD,2B,2012,4/25/2015,1990-08-25,29.183561643835617,29
Pederson,Joc,LAD,RF,2010,9/01/2014,1992-04-21,27.528767123287672,27
Pollock,A,LAD,CF,2009,4/18/2012,1987-12-05,31.904109589041095,31
Ryu,Hyun,LAD,P,2012,4/02/2013,1987-03-25,32.602739726027394,32
Seager,Corey,LAD,SS,2012,9/03/2015,1994-04-27,25.512328767123286,25
Smith,Will,LAD,C,2016,5/28/2019,1995-03-28,24.594520547945205,24
Stripling,Ross,LAD,P,2012,4/08/2016,1989-11-23,29.936986301369863,29
Taylor,Chris,LAD,LF,2012,7/24/2014,1990-08-29,29.172602739726027,29
Turner,Justin,LAD,3B,2006,9/08/2009,1984-11-23,34.93942660378771,34
Urías,Julio,LAD,P,2012,5/27/2016,1996-08-12,23.21917808219178,23
Allen,Austin,SD,C,Undrafted,5/11/2019,1994-01-16,25.78904109589041,25
Baez,Michel,SD,P,Undrafted,7/23/2019,1996-01-21,23.775342465753425,23
Bednar,David,SD,P,Undrafted,9/01/2019,1994-10-10,25.057534246575344,25
Bolanos,Ronald,SD,P,Undrafted,9/03/2019,1996-08-23,23.18904109589041,23
Erlin,Robbie,SD,P,2009,4/30/2013,1990-10-08,29.063013698630137,29
France,Ty,SD,2B,Undrafted,4/26/2019,1994-07-13,25.301369863013697,25
Garcia,Greg,SD,2B,2010,4/28/2014,1989-08-08,30.23013698630137,30
Guerra,Javy,SD,P,2012,5/04/2018,1995-09-25,24.0986301369863,24
Hedges,Austin,SD,C,2011,5/04/2015,1992-08-18,27.202739726027396,27
Hosmer,Eric,SD,1B,2008,5/06/2011,1989-10-24,30.019178082191782,30
Jankowski,Travis,SD,RF,2012,8/21/2015,1991-06-15,28.378082191780823,28
Lamet,Dinelson,SD,P,2014,5/25/2017,1992-07-18,27.28767123287671,27
Lauer,Eric,SD,P,2016,4/24/2018,1995-06-03,24.410958904109588,24
Lucchesi,Joey,SD,P,2016,3/30/2018,1993-06-06,26.4027397260274,26
Machado,Manny,SD,3B,2010,8/09/2012,1992-07-06,27.32054794520548,27
Margevicius,Nick,SD,P,Undrafted,3/30/2019,1996-06-18,23.36986301369863,23
Margot,Manuel,SD,CF,2011,9/21/2016,1994-09-28,25.09041095890411,25
Martini,Nick,SD,LF,2011,6/06/2018,1990-06-27,29.345205479452055,29
Mejía,Francisco,SD,C,2012,9/01/2017,1995-10-27,24.01095890410959,24
Mejias,Brean,SD,3B,Undrafted,9/04/2019,1991-04-05,28.572602739726026,28
Muñoz,Andres,SD,P,Undrafted,7/12/2019,1999-01-16,20.78904109589041,20
Myers,Wil,SD,LF,2009,6/18/2013,1990-12-10,28.89041095890411,28
Naylor,Josh,SD,LF,2015,5/24/2019,1997-06-22,22.35890410958904,22
Paddack,Chris,SD,P,Undrafted,3/31/2019,1996-01-08,23.81095890410959,23
Perdomo,Luis,SD,P,2010,4/04/2016,1993-05-09,26.47945205479452,26
Abad,Fernando,SF,P,2002,7/28/2010,1985-12-17,33.87123287671233,33
Adames,Cristhian,SF,SS,2007,7/29/2014,1991-07-26,28.265753424657536,28
Anderson,Shaun,SF,P,Undrafted,5/15/2019,1994-10-29,25.005479452054793,25
Anderson,Tyler,SF,P,2011,6/12/2016,1989-12-30,29.835616438356166,29
Beede,Tyler,SF,P,2014,4/10/2018,1993-05-23,26.44109589041096,26
Belt,Brandon,SF,1B,2009,3/31/2011,1988-04-20,31.53150684931507,31
Bumgarner,Madison,SF,P,2007,9/08/2009,1989-08-01,30.24931506849315,30
Coonrod,Sam,SF,P,Undrafted,5/26/2019,1992-09-22,27.106849315068494,27
Crawford,Brandon,SF,SS,2008,5/27/2011,1987-01-21,32.775342465753425,32
Cueto,Johnny,SF,P,2004,4/03/2008,1986-02-15,33.706849315068496,33
Davis,Jaylin,SF,RF,Undrafted,9/04/2019,1994-07-01,25.334246575342465,25
Dickerson,Alex,SF,LF,2011,8/06/2015,1990-05-26,29.432876712328767,29
Dubon,Mauricio,SF,SS,2013,7/07/2019,1994-07-19,25.284931506849315,25
Franco,Enderson,SF,P,Undrafted,9/18/2019,1992-12-29,26.841065948050005,26
Garcia,Aramis,SF,C,2014,8/31/2018,1993-01-12,26.8,26
Gerber,Mike,SF,RF,2014,4/20/2018,1992-07-08,27.315068493150687,27
Gustave,Jandel,SF,P,2010,8/11/2016,1992-10-12,27.052054794520547,27
Longoria,Evan,SF,3B,2006,4/12/2008,1985-10-07,34.06575342465754,34
Menez,Conner,SF,P,Undrafted,7/21/2019,1995-05-29,24.424657534246574,24
Peralta,Wandy,SF,P,2009,9/04/2016,1991-07-27,28.263013698630136,28
Pillar,Kevin,SF,CF,2011,8/14/2013,1989-01-04,30.82191780821918,30
Posey,Buster,SF,C,2008,9/11/2009,1987-03-27,32.5972602739726,32
Rickard,Joey,SF,CF,2012,4/04/2016,1991-05-21,28.446575342465753,28
Rodríguez,Dereck,SF,P,2011,5/29/2018,1992-06-05,27.405479452054795,27
Rogers,Tyler,SF,P,Undrafted,8/27/2019,1990-12-17,28.87123287671233,28
Alcantara,Sandy,MIA,P,2013,9/03/2017,1995-09-07,24.147945205479452,24
Alfaro,Jorge,MIA,C,2010,9/12/2016,1993-06-11,26.389041095890413,26
Berti,Jon,MIA,SS,Undrafted,9/26/2018,1990-01-22,29.77260273972603,29
Brice,Austin,MIA,P,2010,8/12/2016,1992-06-19,27.367123287671234,27
Brigham,Jeff,MIA,P,Undrafted,9/02/2018,1992-02-16,27.704109589041096,27
Brinson,Lewis,MIA,CF,2012,6/11/2017,1994-05-08,25.482191780821918,25
Castro,Starlin,MIA,3B,2006,5/07/2010,1990-03-24,29.605479452054794,29
Chen,Wei,MIA,P,2012,4/10/2012,1985-07-21,34.27945205479452,34
Conley,Adam,MIA,P,2011,6/10/2015,1990-05-24,29.438356164383563,29
Cooper,Garrett,MIA,1B,2013,7/14/2017,1990-12-25,28.84931506849315,28
Dean,Austin,MIA,RF,2012,8/15/2018,1993-10-14,26.046575342465754,26
Díaz,Isan,MIA,2B,Undrafted,8/05/2019,1996-05-27,23.43013698630137,23
Dugger,Robert,MIA,P,Undrafted,8/05/2019,1995-07-03,24.328767123287673,24
García,Jarlin,MIA,P,2010,4/14/2017,1993-01-18,26.783561643835615,26
Granderson,Curtis,MIA,LF,2002,9/13/2004,1981-03-16,38.62739726027397,38
Guerrero,Tayron,MIA,P,2009,5/17/2016,1991-01-09,28.80821917808219,28
Guzman,Jorge,MIA,P,Undrafted,-,1996-01-28,23.756164383561643,23
Harrison,Monte,MIA,CF,Undrafted,-,1995-08-10,24.224657534246575,24
Hernandez,Elieser,MIA,P,2011,5/10/2018,1995-05-03,24.495890410958904,24
Holloway,Jordan,MIA,P,Undrafted,-,1996-06-13,23.383561643835616,23
Keller,Kyle,MIA,P,Undrafted,8/04/2019,1993-04-28,26.50958904109589,26
Kinley,Tyler,MIA,P,2013,4/07/2018,1991-01-31,28.747945205479454,28
Lopez,Pablo,MIA,P,2012,6/30/2018,1996-03-07,23.65205479452055,23
Moran,Brian,MIA,P,2009,9/05/2019,1988-09-30,31.084931506849315,31
Prado,Martín,MIA,1B,2001,4/23/2006,1983-10-27,36.010958904109586,36
Almonte,Yency,COL,P,2012,6/21/2018,1994-06-04,25.40821917808219,25
Alonso,Yonder,COL,1B,2008,9/01/2010,1987-04-08,32.56438356164384,32
Arenado,Nolan,COL,3B,2009,4/28/2013,1991-04-16,28.542465753424658,28
Blackmon,Charlie,COL,RF,2008,6/07/2011,1986-07-01,33.33424657534247,33
Butera,Drew,COL,C,2005,4/09/2010,1983-08-09,36.227397260273975,36
Castellani,Ryan,COL,P,Undrafted,-,1996-04-01,23.583561643835615,23
Dahl,David,COL,LF,2012,7/25/2016,1994-04-01,25.583561643835615,25
Davis,Wade,COL,P,2004,9/06/2009,1985-09-07,34.14794520547945,34
Daza,Yonathan,COL,CF,Undrafted,4/09/2019,1994-02-28,25.671232876712327,25
Desmond,Ian,COL,LF,2004,9/10/2009,1985-09-20,34.11232876712329,34
Diaz,Jairo,COL,P,2007,9/08/2014,1991-05-27,28.43013698630137,28
Diehl,Phillip,COL,P,Undrafted,6/11/2019,1994-07-16,25.293150684931508,25
Estévez,Carlos,COL,P,2011,4/23/2016,1992-12-28,26.843798188487163,26
Freeland,Kyle,COL,P,2014,4/07/2017,1993-05-14,26.465753424657535,26
Fuentes,Josh,COL,3B,Undrafted,4/06/2019,1993-02-19,26.695890410958903,26
Garcia,Rico,COL,P,Undrafted,8/27/2019,1994-01-10,25.805479452054794,25
González,Chi,COL,P,2013,5/30/2015,1992-01-15,27.791780821917808,27
Hampson,Garrett,COL,2B,2016,7/21/2018,1994-10-10,25.057534246575344,25
Harvey,Joe,COL,P,Undrafted,4/10/2019,1992-01-09,27.80821917808219,27
Hilliard,Sam,COL,LF,Undrafted,8/27/2019,1994-02-21,25.69041095890411,25
Hoffman,Jeff,COL,P,2014,8/20/2016,1993-01-08,26.81095890410959,26
Lambert,Peter,COL,P,Undrafted,6/06/2019,1997-04-18,22.536986301369865,22
Lawrence,Justin,COL,P,Undrafted,-,1994-11-25,24.931506849315067,24
Márquez,German,COL,P,2011,9/08/2016,1995-02-22,24.687671232876713,24
McGee,Jake,COL,P,2004,9/14/2010,1986-08-06,33.23561643835617,33
Adames,Willy,TB,SS,2012,5/22/2018,1995-09-02,24.161643835616438,24
Anderson,Nick,TB,P,Undrafted,3/28/2019,1990-07-05,29.323287671232876,29
Castillo,Diego,TB,P,2014,6/06/2018,1994-01-18,25.783561643835615,25
Chirinos,Yonny,TB,P,2012,4/01/2018,1993-12-26,25.846575342465755,25
Choi,Ji,TB,1B,2009,4/05/2016,1991-05-19,28.45205479452055,28
d,Arnaud,TB,C,2007,8/17/2013,1989-02-10,30.720547945205478,30
Díaz,Yandy,TB,3B,2013,4/03/2017,1991-08-08,28.23013698630137,28
Drake,Oliver,TB,P,2008,5/23/2015,1987-01-13,32.797260273972604,32
Duffy,Matt,TB,3B,2012,8/01/2014,1991-01-15,28.791780821917808,28
García,Avisaíl,TB,RF,2007,8/31/2012,1991-06-12,28.386301369863013,28
Glasnow,Tyler,TB,P,2011,7/07/2016,1993-08-23,26.18904109589041,26
Kiermaier,Kevin,TB,CF,2010,9/30/2013,1990-04-22,29.526027397260275,29
Lowe,Brandon,TB,2B,Undrafted,8/05/2018,1994-07-06,25.32054794520548,25
McKay,Brendan,TB,P,Undrafted,6/29/2019,1995-12-18,23.86849315068493,23
Meadows,Austin,TB,RF,2013,5/18/2018,1995-05-03,24.495890410958904,24
Morton,Charlie,TB,P,2002,6/14/2008,1983-11-12,35.967123287671235,35
Pagán,Emilio,TB,P,2013,5/03/2017,1991-05-07,28.484931506849314,28
Pham,Tommy,TB,LF,2006,9/09/2014,1988-03-08,31.649315068493152,31
Poche,Colin,TB,P,Undrafted,6/08/2019,1994-01-17,25.786301369863015,25
Roe,Chaz,TB,P,2005,7/01/2013,1986-10-09,33.06027397260274,33
Snell,Blake,TB,P,2011,4/23/2016,1992-12-04,26.909371958978966,26
Sogard,Eric,TB,2B,2007,9/14/2010,1986-05-22,33.443835616438356,33
Wendle,Joey,TB,2B,2012,8/31/2016,1990-04-26,29.515068493150686,29
Yarbrough,Ryan,TB,P,2014,3/31/2018,1991-12-31,27.832876712328765,27
Zunino,Mike,TB,C,2012,6/12/2013,1991-03-25,28.602739726027398,28
Ahmed,Nick,ARI,SS,2011,6/29/2014,1990-03-15,29.63013698630137,29
Almonte,Abraham,ARI,CF,2005,8/30/2013,1989-06-27,30.345205479452055,30
Andriese,Matt,ARI,P,2011,4/10/2015,1989-08-28,30.175342465753424,30
Avila,Alex,ARI,C,2008,8/06/2009,1987-01-29,32.75342465753425,32
Bradley,Archie,ARI,P,2011,4/11/2015,1992-08-10,27.224657534246575,27
Chafin,Andrew,ARI,P,2011,8/13/2014,1990-06-17,29.372602739726027,29
Clarke,Taylor,ARI,P,Undrafted,4/20/2019,1993-05-13,26.46849315068493,26
Crichton,Stefan,ARI,P,2013,4/16/2017,1992-02-29,27.66849315068493,27
Cron,Kevin,ARI,1B,2014,5/24/2019,1993-02-17,26.7013698630137,26
Duplantier,Jon,ARI,P,Undrafted,4/01/2019,1994-07-11,25.306849315068494,25
Dyson,Jarrod,ARI,RF,2006,9/07/2010,1984-08-15,35.21095890410959,35
Escobar,Eduardo,ARI,2B,2006,9/02/2011,1989-01-05,30.81917808219178,30
Flores,Wilmer,ARI,2B,2007,8/06/2013,1991-08-06,28.235616438356164,28
Gallen,Zac,ARI,P,Undrafted,6/20/2019,1995-08-03,24.243835616438357,24
Ginkel,Kevin,ARI,P,Undrafted,8/05/2019,1994-03-24,25.605479452054794,25
Hirano,Yoshihisa,ARI,P,2017,3/29/2018,1984-03-08,35.64931506849315,35
Jones,Adam,ARI,RF,2003,7/14/2006,1985-08-01,34.249315068493154,34
Joseph,Caleb,ARI,C,2008,5/07/2014,1986-06-18,33.36986301369863,33
Kelly,Carson,ARI,C,2012,9/05/2016,1994-07-14,25.2986301369863,25
Kelly,Merrill,ARI,P,Undrafted,4/01/2019,1988-10-14,31.046575342465754,31
Lamb,Jake,ARI,3B,2012,8/07/2014,1990-10-09,29.06027397260274,29
Leake,Mike,ARI,P,2009,4/11/2010,1987-11-12,31.96712328767123,31
Leyba,Domingo,ARI,2B,Undrafted,6/22/2019,1995-09-11,24.136986301369863,24
Locastro,Tim,ARI,LF,2013,9/29/2017,1992-07-14,27.2986301369863,27
López,Yoan,ARI,P,Undrafted,9/09/2018,1993-01-02,26.827397260273973,26
